program_name,url
"Aeronautical Engineering, B.S.",https://catalog.rpi.edu/preview_program.php?catoid=33&poid=9468&returnto=873
"Aerospace Engineering, B.S.",https://catalog.rpi.edu/preview_program.php?catoid=33&poid=9692&returnto=873
"Applied Physics, B.S.",https://catalog.rpi.edu/preview_program.php?catoid=33&poid=9471&returnto=873
"Architecture, B.Arch.",https://catalog.rpi.edu/preview_program.php?catoid=33&poid=9480&returnto=873
"Biochemistry and Biophysics, B.S.",https://catalog.rpi.edu/preview_program.php?catoid=33&poid=9486&returnto=873
"Biological Neuroscience, B.S.",https://catalog.rpi.edu/preview_program.php?catoid=33&poid=9662&returnto=873
"Biology, B.S.",https://catalog.rpi.edu/preview_program.php?catoid=33&poid=9492&returnto=873
"Biomedical Engineering, B.S.",https://catalog.rpi.edu/preview_program.php?catoid=33&poid=9496&returnto=873
"Biotechnology and Health Economics, B.S.",https://catalog.rpi.edu/preview_program.php?catoid=33&poid=9666&returnto=873
Building Sciences B.S.,https://catalog.rpi.edu/preview_program.php?catoid=33&poid=9500&returnto=873
Business Analytics B.S.,https://catalog.rpi.edu/preview_program.php?catoid=33&poid=9636&returnto=873
"Business and Management, B.S.",https://catalog.rpi.edu/preview_program.php?catoid=33&poid=9501&returnto=873
"Chemical Engineering, B.S.",https://catalog.rpi.edu/preview_program.php?catoid=33&poid=9502&returnto=873
"Chemistry - (Chemical Biology Track), B.S.",https://catalog.rpi.edu/preview_program.php?catoid=33&poid=9613&returnto=873
"Chemistry - (Environmental Track), B.S.",https://catalog.rpi.edu/preview_program.php?catoid=33&poid=9985&returnto=873
"Chemistry - (Industrial Chemistry Track), B.S.",https://catalog.rpi.edu/preview_program.php?catoid=33&poid=9663&returnto=873
Chemistry B.S.,https://catalog.rpi.edu/preview_program.php?catoid=33&poid=9506&returnto=873
"Civil Engineering, B.S.",https://catalog.rpi.edu/preview_program.php?catoid=33&poid=9515&returnto=873
Cognitive Science B.S.,https://catalog.rpi.edu/preview_program.php?catoid=33&poid=9517&returnto=873
"Communication, Media, and Design, B.S.",https://catalog.rpi.edu/preview_program.php?catoid=33&poid=9625&returnto=873
"Computational Biology, B.S.",https://catalog.rpi.edu/preview_program.php?catoid=33&poid=9491&returnto=873
"Computer and Systems Engineering, B.S.",https://catalog.rpi.edu/preview_program.php?catoid=33&poid=9520&returnto=873
"Computer Science, B.S.",https://catalog.rpi.edu/preview_program.php?catoid=33&poid=9522&returnto=873
"Design, Innovation, and Society B.S.",https://catalog.rpi.edu/preview_program.php?catoid=33&poid=9526&returnto=873
Economics B.S.,https://catalog.rpi.edu/preview_program.php?catoid=33&poid=9527&returnto=873
Electrical Engineering B.S.,https://catalog.rpi.edu/preview_program.php?catoid=33&poid=9530&returnto=873
"Electronic Arts, B.S.",https://catalog.rpi.edu/preview_program.php?catoid=33&poid=9534&returnto=873
Engineering Core Curriculum,https://catalog.rpi.edu/preview_program.php?catoid=33&poid=9604&returnto=873
Environmental Engineering B.S.,https://catalog.rpi.edu/preview_program.php?catoid=33&poid=9537&returnto=873
Environmental Science B.S.,https://catalog.rpi.edu/preview_program.php?catoid=33&poid=9539&returnto=873
"Finance, Markets, and Emerging Technologies, B.S.",https://catalog.rpi.edu/preview_program.php?catoid=33&poid=9978&returnto=873
Games and Simulation Arts and Sciences B.S.,https://catalog.rpi.edu/preview_program.php?catoid=33&poid=9542&returnto=873
Geology B.S.,https://catalog.rpi.edu/preview_program.php?catoid=33&poid=9543&returnto=873
"Hydrogeology, B.S.",https://catalog.rpi.edu/preview_program.php?catoid=33&poid=9545&returnto=873
Industrial and Management Engineering B.S.,https://catalog.rpi.edu/preview_program.php?catoid=33&poid=9547&returnto=873
Information Technology and Web Science B.S.,https://catalog.rpi.edu/preview_program.php?catoid=33&poid=9549&returnto=873
"Interdisciplinary Science, B.S.",https://catalog.rpi.edu/preview_program.php?catoid=33&poid=9552&returnto=873
Marketing and Advanced Computing B.S.,https://catalog.rpi.edu/preview_program.php?catoid=33&poid=9992&returnto=873
Materials Engineering B.S.,https://catalog.rpi.edu/preview_program.php?catoid=33&poid=9566&returnto=873
Mathematics B.S.,https://catalog.rpi.edu/preview_program.php?catoid=33&poid=9570&returnto=873
"Mechanical Engineering, B.S.",https://catalog.rpi.edu/preview_program.php?catoid=33&poid=9574&returnto=873
Music B.S.,https://catalog.rpi.edu/preview_program.php?catoid=33&poid=9620&returnto=873
"Nuclear Engineering, B.S",https://catalog.rpi.edu/preview_program.php?catoid=33&poid=9582&returnto=873
Philosophy B.S.,https://catalog.rpi.edu/preview_program.php?catoid=33&poid=9585&returnto=873
"Physician-Scientist, B.S.",https://catalog.rpi.edu/preview_program.php?catoid=33&poid=9587&returnto=873
Physics B.S.,https://catalog.rpi.edu/preview_program.php?catoid=33&poid=9588&returnto=873
Psychological Science B.S.,https://catalog.rpi.edu/preview_program.php?catoid=33&poid=9594&returnto=873
"Science, Technology, and Society B.S.",https://catalog.rpi.edu/preview_program.php?catoid=33&poid=9597&returnto=873
Sustainability Studies B.S.,https://catalog.rpi.edu/preview_program.php?catoid=33&poid=9603&returnto=873
"Aeronautical and Mechanical Engineering, B.S.",https://catalog.rpi.edu/preview_program.php?catoid=33&poid=10253&returnto=873
"Aerospace and Mechanical Engineering, B.S.",https://catalog.rpi.edu/preview_program.php?catoid=33&poid=10252&returnto=873
"Biological Neuroscience & Psychological Science, B.S.",https://catalog.rpi.edu/preview_program.php?catoid=33&poid=9696&returnto=873
"Business & Management and Communications, Media and Design; B.S.",https://catalog.rpi.edu/preview_program.php?catoid=33&poid=9982&returnto=873
"Business & Management and Design Innovation and Society, B.S.",https://catalog.rpi.edu/preview_program.php?catoid=33&poid=9980&returnto=873
"Business & Management and Economics, B.S.",https://catalog.rpi.edu/preview_program.php?catoid=33&poid=9981&returnto=873
"Business & Management and Games and Simulation Arts and Sciences, B.S.",https://catalog.rpi.edu/preview_program.php?catoid=33&poid=9983&returnto=873
"Business & Management and Information Technology & Web Sciences, B.S.",https://catalog.rpi.edu/preview_program.php?catoid=33&poid=9988&returnto=873
"Business & Management and Sustainability Studies, B.S.",https://catalog.rpi.edu/preview_program.php?catoid=33&poid=9693&returnto=873
"Business Analytics and Computer Science, B.S.",https://catalog.rpi.edu/preview_program.php?catoid=33&poid=9994&returnto=873
"Business Analytics and Economics, B.S.",https://catalog.rpi.edu/preview_program.php?catoid=33&poid=9990&returnto=873
"Business Analytics and Industrial & Management Engineering, B.S.",https://catalog.rpi.edu/preview_program.php?catoid=33&poid=9986&returnto=873
"Business Analytics and Information Technology & Web Sciences, B.S.",https://catalog.rpi.edu/preview_program.php?catoid=33&poid=9987&returnto=873
"Business Analytics and Mathematics, B.S.",https://catalog.rpi.edu/preview_program.php?catoid=33&poid=9991&returnto=873
"Design, Innovation, and Society / Mechanical Engineering, B.S.",https://catalog.rpi.edu/preview_program.php?catoid=33&poid=9596&returnto=873
"Electrical Engineering and Computer Systems Engineering, B.S.",https://catalog.rpi.edu/preview_program.php?catoid=33&poid=9984&returnto=873
"Mechanical & Nuclear Engineering, B.S.",https://catalog.rpi.edu/preview_program.php?catoid=33&poid=10254&returnto=873
"Applied Economics & Policy, Ph.D.",https://catalog.rpi.edu/preview_program.php?catoid=33&poid=9698&returnto=873
Architectural Sciences (Concentration in Architectural Acoustics) Ph.D.,https://catalog.rpi.edu/preview_program.php?catoid=33&poid=9476&returnto=873
Architectural Sciences (Concentration in Built Ecologies) Ph.D.,https://catalog.rpi.edu/preview_program.php?catoid=33&poid=9478&returnto=873
"Biochemistry and Biophysics, Ph.D.",https://catalog.rpi.edu/preview_program.php?catoid=33&poid=9676&returnto=873
Biology Ph.D.,https://catalog.rpi.edu/preview_program.php?catoid=33&poid=9495&returnto=873
"Biomedical Engineering, Ph.D.",https://catalog.rpi.edu/preview_program.php?catoid=33&poid=9608&returnto=873
Chemical Engineering Ph.D.,https://catalog.rpi.edu/preview_program.php?catoid=33&poid=9611&returnto=873
Chemistry Ph.D.,https://catalog.rpi.edu/preview_program.php?catoid=33&poid=9509&returnto=873
"Civil Engineering, Ph.D.",https://catalog.rpi.edu/preview_program.php?catoid=33&poid=9514&returnto=873
Cognitive Science Ph.D.,https://catalog.rpi.edu/preview_program.php?catoid=33&poid=9616&returnto=873
Communication and Rhetoric Ph.D.,https://catalog.rpi.edu/preview_program.php?catoid=33&poid=9518&returnto=873
Computer Science Ph.D.,https://catalog.rpi.edu/preview_program.php?catoid=33&poid=9525&returnto=873
"Critical Game Design, Ph.D.",https://catalog.rpi.edu/preview_program.php?catoid=33&poid=9664&returnto=873
"Decision Sciences and Engineering Systems, Ph.D.",https://catalog.rpi.edu/preview_program.php?catoid=33&poid=9584&returnto=873
"Electrical, Computer and Systems Engineering B.S.-Ph.D. Program",https://catalog.rpi.edu/preview_program.php?catoid=33&poid=9674&returnto=873
"Electrical, Computer and Systems Engineering, Ph.D.",https://catalog.rpi.edu/preview_program.php?catoid=33&poid=9621&returnto=873
Electronic Arts Ph.D.,https://catalog.rpi.edu/preview_program.php?catoid=33&poid=9536&returnto=873
"Environmental Engineering, Ph.D.",https://catalog.rpi.edu/preview_program.php?catoid=33&poid=9701&returnto=873
Geology Ph.D.,https://catalog.rpi.edu/preview_program.php?catoid=33&poid=9658&returnto=873
Management Ph.D.,https://catalog.rpi.edu/preview_program.php?catoid=33&poid=9558&returnto=873
Materials Engineering Ph.D.,https://catalog.rpi.edu/preview_program.php?catoid=33&poid=9623&returnto=873
Mathematics Ph.D.,https://catalog.rpi.edu/preview_program.php?catoid=33&poid=9573&returnto=873
"Mechanical, Aerospace, and Nuclear Engineering, Ph.D.",https://catalog.rpi.edu/preview_program.php?catoid=33&poid=9618&returnto=873
Physics Ph.D.,https://catalog.rpi.edu/preview_program.php?catoid=33&poid=9591&returnto=873
Science and Technology Studies Ph.D.,https://catalog.rpi.edu/preview_program.php?catoid=33&poid=9598&returnto=873
"Transportation Engineering, Ph.D.",https://catalog.rpi.edu/preview_program.php?catoid=33&poid=9702&returnto=873
Advanced Manufacturing Graduate Certificate (Troy),https://catalog.rpi.edu/preview_program.php?catoid=33&poid=9695&returnto=873
Data Analytics Graduate Certificate (Rensselaer at Work),https://catalog.rpi.edu/preview_program.php?catoid=33&poid=9637&returnto=873
Leading Change and Innovation Graduate Certificate (Rensselaer at Work),https://catalog.rpi.edu/preview_program.php?catoid=33&poid=9669&returnto=873
Lean Six Sigma Graduate Certificate (Rensselaer at Work),https://catalog.rpi.edu/preview_program.php?catoid=33&poid=9640&returnto=873
Life Sciences and Entrepreneurship Graduate Certificate (Troy Campus),https://catalog.rpi.edu/preview_program.php?catoid=33&poid=9694&returnto=873
Machine Learning and Artificial Intelligence Graduate Certificate (Rensselaer at Work),https://catalog.rpi.edu/preview_program.php?catoid=33&poid=9638&returnto=873
Managing Technical Organizations Graduate Certificate (Rensselaer at Work),https://catalog.rpi.edu/preview_program.php?catoid=33&poid=9667&returnto=873
Program Management Graduate Certificate (Rensselaer at Work),https://catalog.rpi.edu/preview_program.php?catoid=33&poid=9691&returnto=873
Supply Chain and Logistics Graduate Certificate (Rensselaer at Work),https://catalog.rpi.edu/preview_program.php?catoid=33&poid=9668&returnto=873
Systems Engineering Graduate Certificate (Rensselaer at Work),https://catalog.rpi.edu/preview_program.php?catoid=33&poid=9639&returnto=873
Cognitive Science Pathway,https://catalog.rpi.edu/preview_program.php?catoid=33&poid=9684&returnto=873
"Design, Innovation, and Society Pathway",https://catalog.rpi.edu/preview_program.php?catoid=33&poid=9645&returnto=873
Economics Pathway,https://catalog.rpi.edu/preview_program.php?catoid=33&poid=9646&returnto=873
"Ethics, Integrity, and Social Responsibility Pathway",https://catalog.rpi.edu/preview_program.php?catoid=33&poid=9647&returnto=873
Extent and Limits of Rationality Pathway,https://catalog.rpi.edu/preview_program.php?catoid=33&poid=9687&returnto=873
Game Studies Pathway,https://catalog.rpi.edu/preview_program.php?catoid=33&poid=9648&returnto=873
Global Languages and Cultures Pathway,https://catalog.rpi.edu/preview_program.php?catoid=33&poid=9680&returnto=873
Graphic and Interactive Media Design Pathway,https://catalog.rpi.edu/preview_program.php?catoid=33&poid=9681&returnto=873
History Pathway,https://catalog.rpi.edu/preview_program.php?catoid=33&poid=9649&returnto=873
Information Technology and Web Sciences Pathway,https://catalog.rpi.edu/preview_program.php?catoid=33&poid=9650&returnto=873
Media and Culture Pathway,https://catalog.rpi.edu/preview_program.php?catoid=33&poid=9651&returnto=873
Music and Sound Pathway,https://catalog.rpi.edu/preview_program.php?catoid=33&poid=9679&returnto=873
Narrative and Storytelling Pathway,https://catalog.rpi.edu/preview_program.php?catoid=33&poid=9682&returnto=873
Philosophy and Logic Pathway,https://catalog.rpi.edu/preview_program.php?catoid=33&poid=9686&returnto=873
Pre-Health Pathway,https://catalog.rpi.edu/preview_program.php?catoid=33&poid=9672&returnto=873
Psychological Science Pathway,https://catalog.rpi.edu/preview_program.php?catoid=33&poid=9685&returnto=873
Public Health Pathway,https://catalog.rpi.edu/preview_program.php?catoid=33&poid=9652&returnto=873
"Science, Technology, and Society Pathway",https://catalog.rpi.edu/preview_program.php?catoid=33&poid=9653&returnto=873
Strategic Writing Pathway,https://catalog.rpi.edu/preview_program.php?catoid=33&poid=9683&returnto=873
Sustainability Studies Pathway,https://catalog.rpi.edu/preview_program.php?catoid=33&poid=9654&returnto=873
Transfer Student Arts and Humanities Pathway,https://catalog.rpi.edu/preview_program.php?catoid=33&poid=9655&returnto=873
Transfer Student Social Science Pathway,https://catalog.rpi.edu/preview_program.php?catoid=33&poid=9656&returnto=873
Visual and Media Arts Pathway,https://catalog.rpi.edu/preview_program.php?catoid=33&poid=9678&returnto=873
Well-being: Body and Mind Pathway,https://catalog.rpi.edu/preview_program.php?catoid=33&poid=9657&returnto=873
Applied Mathematics M.S.,https://catalog.rpi.edu/preview_program.php?catoid=33&poid=9470&returnto=873
"Applied Science, M.S.",https://catalog.rpi.edu/preview_program.php?catoid=33&poid=9472&returnto=873
Architectural Sciences (Concentration in Architectural Acoustics) M.S.,https://catalog.rpi.edu/preview_program.php?catoid=33&poid=9475&returnto=873
Architectural Sciences (Concentration in Built Ecologies) M.S.,https://catalog.rpi.edu/preview_program.php?catoid=33&poid=9477&returnto=873
Architectural Sciences (Concentration in Lighting) M.S.,https://catalog.rpi.edu/preview_program.php?catoid=33&poid=9479&returnto=873
"Architecture, M.S.",https://catalog.rpi.edu/preview_program.php?catoid=33&poid=9610&returnto=873
Astronomy M.S.,https://catalog.rpi.edu/preview_program.php?catoid=33&poid=9605&returnto=873
"Biochemistry and Biophysics, M.S.",https://catalog.rpi.edu/preview_program.php?catoid=33&poid=9675&returnto=873
Biology M.S.,https://catalog.rpi.edu/preview_program.php?catoid=33&poid=9493&returnto=873
Biomedical Engineering Data Science M.Eng.,https://catalog.rpi.edu/preview_program.php?catoid=33&poid=9688&returnto=873
Biomedical Engineering M.S./M.Eng.,https://catalog.rpi.edu/preview_program.php?catoid=33&poid=9499&returnto=873
"Business Administration, M.B.A.",https://catalog.rpi.edu/preview_program.php?catoid=33&poid=9562&returnto=873
"Business Analytics, M.S.",https://catalog.rpi.edu/preview_program.php?catoid=33&poid=9606&returnto=873
Chemical Engineering M.Eng.,https://catalog.rpi.edu/preview_program.php?catoid=33&poid=9504&returnto=873
Chemical Engineering M.S.,https://catalog.rpi.edu/preview_program.php?catoid=33&poid=9505&returnto=873
Chemistry M.S.,https://catalog.rpi.edu/preview_program.php?catoid=33&poid=9507&returnto=873
Civil Engineering M.S.,https://catalog.rpi.edu/preview_program.php?catoid=33&poid=9513&returnto=873
"Civil Engineering, M.Eng.",https://catalog.rpi.edu/preview_program.php?catoid=33&poid=9512&returnto=873
Cognitive Science M.S.,https://catalog.rpi.edu/preview_program.php?catoid=33&poid=9615&returnto=873
Communication and Rhetoric M.S.,https://catalog.rpi.edu/preview_program.php?catoid=33&poid=9670&returnto=873
Computer Science M.S.,https://catalog.rpi.edu/preview_program.php?catoid=33&poid=9523&returnto=873
"Critical Game Design, M.S.",https://catalog.rpi.edu/preview_program.php?catoid=33&poid=9665&returnto=873
Earth and Environmental Sciences Five-Year B.S.-M.S. Program,https://catalog.rpi.edu/preview_program.php?catoid=33&poid=9661&returnto=873
Economics M.S.,https://catalog.rpi.edu/preview_program.php?catoid=33&poid=9528&returnto=873
"Electrical, Computer and Systems Engineering M.S.",https://catalog.rpi.edu/preview_program.php?catoid=33&poid=9533&returnto=873
"Engineering Science, M.S. (Rensselaer at Work)",https://catalog.rpi.edu/preview_program.php?catoid=33&poid=9641&returnto=873
"Environmental Engineering, M.Eng.",https://catalog.rpi.edu/preview_program.php?catoid=33&poid=9699&returnto=873
"Environmental Engineering, M.S.",https://catalog.rpi.edu/preview_program.php?catoid=33&poid=9703&returnto=873
Geology M.S.,https://catalog.rpi.edu/preview_program.php?catoid=33&poid=9660&returnto=873
Industrial and Management Engineering M.S./M.Eng.,https://catalog.rpi.edu/preview_program.php?catoid=33&poid=9548&returnto=873
Information Technology M.S.,https://catalog.rpi.edu/preview_program.php?catoid=33&poid=9551&returnto=873
Lighting M.S.,https://catalog.rpi.edu/preview_program.php?catoid=33&poid=9554&returnto=873
"Management, M.S.",https://catalog.rpi.edu/preview_program.php?catoid=33&poid=9559&returnto=873
Master of Architecture - Professional Program,https://catalog.rpi.edu/preview_program.php?catoid=33&poid=9561&returnto=873
Materials Engineering M.Eng.,https://catalog.rpi.edu/preview_program.php?catoid=33&poid=9567&returnto=873
Materials Engineering M.S.,https://catalog.rpi.edu/preview_program.php?catoid=33&poid=9568&returnto=873
Mathematics M.S.,https://catalog.rpi.edu/preview_program.php?catoid=33&poid=9571&returnto=873
Mechanical Engineering M.Eng. (Rensselaer at Work),https://catalog.rpi.edu/preview_program.php?catoid=33&poid=9575&returnto=873
"Mechanical, Aerospace, and Nuclear Engineering M.Eng.",https://catalog.rpi.edu/preview_program.php?catoid=33&poid=9576&returnto=873
"Mechanical, Aerospace, and Nuclear Engineering M.S.",https://catalog.rpi.edu/preview_program.php?catoid=33&poid=9577&returnto=873
Multidisciplinary Science,https://catalog.rpi.edu/preview_program.php?catoid=33&poid=9579&returnto=873
Physics M.S.,https://catalog.rpi.edu/preview_program.php?catoid=33&poid=9589&returnto=873
"Quantitative Finance and Risk Analytics, M.S.",https://catalog.rpi.edu/preview_program.php?catoid=33&poid=9564&returnto=873
Rensselaer MBA for Professionals Program (PMBA),https://catalog.rpi.edu/preview_program.php?catoid=33&poid=9697&returnto=873
Science and Technology Studies M.S.,https://catalog.rpi.edu/preview_program.php?catoid=33&poid=9614&returnto=873
"Semiconductor Technology, M.S.",https://catalog.rpi.edu/preview_program.php?catoid=33&poid=9705&returnto=873
"Supply Chain Management, M.S.",https://catalog.rpi.edu/preview_program.php?catoid=33&poid=9607&returnto=873
Systems Engineering and Technology Management M.Eng.,https://catalog.rpi.edu/preview_program.php?catoid=33&poid=9563&returnto=873
"Systems Engineering, M.Eng. (Rensselaer at Work)",https://catalog.rpi.edu/preview_program.php?catoid=33&poid=9624&returnto=873
"Technology Commercialization and Entrepreneurship, M.S.",https://catalog.rpi.edu/preview_program.php?catoid=33&poid=9565&returnto=873
"Transportation Engineering, M.Eng.",https://catalog.rpi.edu/preview_program.php?catoid=33&poid=9700&returnto=873
"Transportation Engineering, M.S.",https://catalog.rpi.edu/preview_program.php?catoid=33&poid=9704&returnto=873
Architectural Acoustics Minor,https://catalog.rpi.edu/preview_program.php?catoid=33&poid=9473&returnto=873
Architectural History Minor,https://catalog.rpi.edu/preview_program.php?catoid=33&poid=9474&returnto=873
Architecture Minor,https://catalog.rpi.edu/preview_program.php?catoid=33&poid=9481&returnto=873
Astrobiology Minor,https://catalog.rpi.edu/preview_program.php?catoid=33&poid=9483&returnto=873
Astronomy Minor,https://catalog.rpi.edu/preview_program.php?catoid=33&poid=9484&returnto=873
Astrophysics Minor,https://catalog.rpi.edu/preview_program.php?catoid=33&poid=9485&returnto=873
Behavioral and Cognitive Neuroscience Minor,https://catalog.rpi.edu/preview_program.php?catoid=33&poid=9629&returnto=873
Behavioral Data Science,https://catalog.rpi.edu/preview_program.php?catoid=33&poid=9995&returnto=873
Biochemistry/Biophysics Minor (Biology Majors),https://catalog.rpi.edu/preview_program.php?catoid=33&poid=9487&returnto=873
Biochemistry/Biophysics Minor (Biomedical Engineering Majors),https://catalog.rpi.edu/preview_program.php?catoid=33&poid=9488&returnto=873
Biochemistry/Biophysics Minor (Chemical Engineering Majors),https://catalog.rpi.edu/preview_program.php?catoid=33&poid=9489&returnto=873
Biochemistry/Biophysics Minor (Chemistry Majors),https://catalog.rpi.edu/preview_program.php?catoid=33&poid=9490&returnto=873
Biological Neuroscience Minor,https://catalog.rpi.edu/preview_program.php?catoid=33&poid=9673&returnto=873
Biology Minor,https://catalog.rpi.edu/preview_program.php?catoid=33&poid=9494&returnto=873
Biomedical Engineering and Management Minor,https://catalog.rpi.edu/preview_program.php?catoid=33&poid=9497&returnto=873
Chemistry Minor (Non-Chemistry Majors),https://catalog.rpi.edu/preview_program.php?catoid=33&poid=9508&returnto=873
Chinese Language Minor,https://catalog.rpi.edu/preview_program.php?catoid=33&poid=9510&returnto=873
Civil Engineering Minor,https://catalog.rpi.edu/preview_program.php?catoid=33&poid=9516&returnto=873
Cognitive Science Minor,https://catalog.rpi.edu/preview_program.php?catoid=33&poid=9602&returnto=873
Cognitive Science of Artificial Intelligence Minor,https://catalog.rpi.edu/preview_program.php?catoid=33&poid=9630&returnto=873
Computer and Systems Engineering Minor,https://catalog.rpi.edu/preview_program.php?catoid=33&poid=9521&returnto=873
Computer Science Minor,https://catalog.rpi.edu/preview_program.php?catoid=33&poid=9524&returnto=873
Data Science and Engineering Minor,https://catalog.rpi.edu/preview_program.php?catoid=33&poid=9677&returnto=873
Ecology Minor,https://catalog.rpi.edu/preview_program.php?catoid=33&poid=9622&returnto=873
Economics Minor,https://catalog.rpi.edu/preview_program.php?catoid=33&poid=9529&returnto=873
Electrical Engineering Minor,https://catalog.rpi.edu/preview_program.php?catoid=33&poid=9531&returnto=873
Electronic Arts Minor,https://catalog.rpi.edu/preview_program.php?catoid=33&poid=9535&returnto=873
Entrepreneurship Minor,https://catalog.rpi.edu/preview_program.php?catoid=33&poid=9601&returnto=873
Environmental Design Minor,https://catalog.rpi.edu/preview_program.php?catoid=33&poid=9671&returnto=873
Environmental Engineering Minor,https://catalog.rpi.edu/preview_program.php?catoid=33&poid=9538&returnto=873
Environmental Science Minor,https://catalog.rpi.edu/preview_program.php?catoid=33&poid=9540&returnto=873
Finance Minor,https://catalog.rpi.edu/preview_program.php?catoid=33&poid=9541&returnto=873
General Psychology Minor,https://catalog.rpi.edu/preview_program.php?catoid=33&poid=9595&returnto=873
Geology Minor,https://catalog.rpi.edu/preview_program.php?catoid=33&poid=9544&returnto=873
Graphic Design Minor,https://catalog.rpi.edu/preview_program.php?catoid=33&poid=9644&returnto=873
History Minor,https://catalog.rpi.edu/preview_program.php?catoid=33&poid=9634&returnto=873
Hydrogeology Minor,https://catalog.rpi.edu/preview_program.php?catoid=33&poid=9546&returnto=873
Information Technology and Web Science Minor,https://catalog.rpi.edu/preview_program.php?catoid=33&poid=9550&returnto=873
Interactive Media/Data Design Minor,https://catalog.rpi.edu/preview_program.php?catoid=33&poid=9643&returnto=873
Lighting Minor,https://catalog.rpi.edu/preview_program.php?catoid=33&poid=9555&returnto=873
Linguistics Minor,https://catalog.rpi.edu/preview_program.php?catoid=33&poid=9619&returnto=873
Management Minor,https://catalog.rpi.edu/preview_program.php?catoid=33&poid=9557&returnto=873
Marketing Minor,https://catalog.rpi.edu/preview_program.php?catoid=33&poid=9560&returnto=873
Materials Engineering Minor,https://catalog.rpi.edu/preview_program.php?catoid=33&poid=9569&returnto=873
Mathematics Minor,https://catalog.rpi.edu/preview_program.php?catoid=33&poid=9572&returnto=873
Media and Culture Minor,https://catalog.rpi.edu/preview_program.php?catoid=33&poid=9642&returnto=873
Music Minor,https://catalog.rpi.edu/preview_program.php?catoid=33&poid=9580&returnto=873
Narrative and Storytelling Minor,https://catalog.rpi.edu/preview_program.php?catoid=33&poid=9556&returnto=873
Nuclear Engineering Minor,https://catalog.rpi.edu/preview_program.php?catoid=33&poid=9583&returnto=873
Philosophy Minor,https://catalog.rpi.edu/preview_program.php?catoid=33&poid=9586&returnto=873
"Philosophy of Logic, Computation, and Mind Minor",https://catalog.rpi.edu/preview_program.php?catoid=33&poid=9609&returnto=873
Physics Minor,https://catalog.rpi.edu/preview_program.php?catoid=33&poid=9590&returnto=873
Psychological Science Minor,https://catalog.rpi.edu/preview_program.php?catoid=33&poid=9617&returnto=873
Public Health Minor,https://catalog.rpi.edu/preview_program.php?catoid=33&poid=9633&returnto=873
Quantum Computing minor,https://catalog.rpi.edu/preview_program.php?catoid=33&poid=10255&returnto=873
"Science, Technology, and Society Minor",https://catalog.rpi.edu/preview_program.php?catoid=33&poid=9599&returnto=873
Strategic Communication Minor,https://catalog.rpi.edu/preview_program.php?catoid=33&poid=9519&returnto=873
Studio Arts Minor,https://catalog.rpi.edu/preview_program.php?catoid=33&poid=9632&returnto=873
Sustainability Studies Minor,https://catalog.rpi.edu/preview_program.php?catoid=33&poid=9600&returnto=873
"Video, Performance, and Social Practice Minor",https://catalog.rpi.edu/preview_program.php?catoid=33&poid=9631&returnto=873
Well-Being Minor,https://catalog.rpi.edu/preview_program.php?catoid=33&poid=9628&returnto=873
Writing Minor,https://catalog.rpi.edu/preview_program.php?catoid=33&poid=9592&returnto=873
Chemical Engineering (Professional Program),https://catalog.rpi.edu/preview_program.php?catoid=33&poid=9503&returnto=873
Civil Engineering (Professional Master’s Program),https://catalog.rpi.edu/preview_program.php?catoid=33&poid=9511&returnto=873
Program for Graduates of Naval Nuclear Power Training Command’s Nuclear Power School,https://catalog.rpi.edu/preview_program.php?catoid=33&poid=9593&returnto=873
Air Force Reserve Officers Training Corps,https://catalog.rpi.edu/preview_program.php?catoid=33&poid=9469&returnto=873
Army Reserve Officers Training Corps,https://catalog.rpi.edu/preview_program.php?catoid=33&poid=9482&returnto=873
Biomedical Engineering and Medicine,https://catalog.rpi.edu/preview_program.php?catoid=33&poid=9498&returnto=873
J.D.-MBA Program,https://catalog.rpi.edu/preview_program.php?catoid=33&poid=9553&returnto=873
Military Science,https://catalog.rpi.edu/preview_program.php?catoid=33&poid=9578&returnto=873
Naval Reserve Officers Training Corps,https://catalog.rpi.edu/preview_program.php?catoid=33&poid=9581&returnto=873
